Expediente,Fecha,Nombre,Link
CFP 1372/2025,14/08/2025,TRIBUNAL ORAL EN LO CRIMINAL FEDERAL 2,scp/include/showFile.php?acc=showFAR&id=13860244&tipo=corrupcion-administrativa
CFP 803/2025,15/10/2025,CAMARA CRIMINAL Y CORRECCIONAL FEDERAL - SALA 2,scp/include/showFile.php?acc=showFAR&id=14077715&tipo=corrupcion-administrativa
CFP 305/2025,25/04/2025,CAMARA CRIMINAL Y CORRECCIONAL FEDERAL - SALA 1,scp/include/showFile.php?acc=showFAR&id=13528925&tipo=corrupcion-administrativa
CFP 305/2025,01/04/2025,CAMARA CRIMINAL Y CORRECCIONAL FEDERAL - SALA 1,scp/include/showFile.php?acc=showFAR&id=13466846&tipo=corrupcion-administrativa
CCC 38767/2024,13/05/2025,CAMARA CRIMINAL Y CORRECCIONAL FEDERAL - SALA 1,scp/include/showFile.php?acc=showFAR&id=13583415&tipo=corrupcion-administrativa
FTU 5653/2024,13/05/2025,CAMARA CRIMINAL Y CORRECCIONAL FEDERAL - SECRETARIA ESPECIAL,scp/include/showFile.php?acc=showFAR&id=13579054&tipo=corrupcion-administrativa
CFP 3841/2024,26/03/2025,TRIBUNAL ORAL EN LO CRIMINAL FEDERAL 3,scp/include/showFile.php?acc=showFAR&id=13435390&tipo=corrupcion-administrativa
CFP 3801/2024,18/08/2025,CAMARA CRIMINAL Y CORRECCIONAL FEDERAL - SALA 1,scp/include/showFile.php?acc=showFAR&id=13864043&tipo=corrupcion-administrativa
CFP 3801/2024,25/06/2025,CAMARA CRIMINAL Y CORRECCIONAL FEDERAL - SALA 1,scp/include/showFile.php?acc=showFAR&id=13786024&tipo=corrupcion-administrativa
CFP 2682/2024,01/10/2025,JUZGADO CRIMINAL Y CORRECCIONAL FEDERAL 3 - SECRETARIA NÂº 6,scp/include/showFile.php?acc=showFAR&id=14035584&tipo=corrupcion-administrativa
CFP 2265/2024,01/10/2024,CAMARA CRIMINAL Y CORRECCIONAL FEDERAL - SALA 2,scp/include/showFile.php?acc=showFAR&id=13019227&tipo=corrupcion-administrativa
CFP 1208/2024,20/05/2024,CAMARA CRIMINAL Y CORRECCIONAL FEDERAL - SALA 1,scp/include/showFile.php?acc=showFAR&id=12655537&tipo=corrupcion-administrativa
CFP 1208/2024,23/04/2024,CAMARA CRIMINAL Y CORRECCIONAL FEDERAL - SALA 1,scp/include/showFile.php?acc=showFAR&id=12610044&tipo=corrupcion-administrativa
CFP 550/2024,24/06/2024,CAMARA CRIMINAL Y CORRECCIONAL FEDERAL - SALA 2,scp/include/showFile.php?acc=showFAR&id=12753913&tipo=corrupcion-administrativa
CFP 414/2024,20/03/2024,CAMARA CRIMINAL Y CORRECCIONAL FEDERAL - SECRETARIA ESPECIAL,scp/include/showFile.php?acc=showFAR&id=12491492&tipo=corrupcion-administrativa
CFP 321/2024,17/03/2025,CAMARA CRIMINAL Y CORRECCIONAL FEDERAL - SALA 2,scp/include/showFile.php?acc=showFAR&id=13409736&tipo=corrupcion-administrativa
CFP 321/2024,13/08/2024,CAMARA CRIMINAL Y CORRECCIONAL FEDERAL - SALA 2,scp/include/showFile.php?acc=showFAR&id=12868035&tipo=corrupcion-administrativa
CFP 248/2024,11/04/2024,CAMARA CRIMINAL Y CORRECCIONAL FEDERAL - SALA 2,scp/include/showFile.php?acc=showFAR&id=12544419&tipo=corrupcion-administrativa
CFP 4623/2023,11/03/2024,CAMARA CRIMINAL Y CORRECCIONAL FEDERAL - SECRETARIA ESPECIAL,scp/include/showFile.php?acc=showFAR&id=12460342&tipo=corrupcion-administrativa
CFP 4057/2023,28/11/2024,CAMARA CRIMINAL Y CORRECCIONAL FEDERAL - SALA 2,scp/include/showFile.php?acc=showFAR&id=13186868&tipo=corrupcion-administrativa
CFP 3466/2023,27/09/2024,CAMARA CRIMINAL Y CORRECCIONAL FEDERAL - SALA 1,scp/include/showFile.php?acc=showFAR&id=13023314&tipo=corrupcion-administrativa
CFP 2732/2023,03/09/2024,CAMARA CRIMINAL Y CORRECCIONAL FEDERAL - SALA 1,scp/include/showFile.php?acc=showFAR&id=12932714&tipo=corrupcion-administrativa
CFP 2732/2023,12/07/2024,CAMARA CRIMINAL Y CORRECCIONAL FEDERAL - SALA 1,scp/include/showFile.php?acc=showFAR&id=12846544&tipo=corrupcion-administrativa
CFP 2732/2023,31/10/2023,CAMARA CRIMINAL Y CORRECCIONAL FEDERAL - SECRETARIA ESPECIAL,scp/include/showFile.php?acc=showFAR&id=12175647&tipo=corrupcion-administrativa
CFP 2702/2023,28/08/2024,CAMARA CRIMINAL Y CORRECCIONAL FEDERAL - SALA 1,scp/include/showFile.php?acc=showFAR&id=12915405&tipo=corrupcion-administrativa
CFP 2545/2023,30/10/2023,CAMARA CRIMINAL Y CORRECCIONAL FEDERAL - SECRETARIA ESPECIAL,scp/include/showFile.php?acc=showFAR&id=12170921&tipo=corrupcion-administrativa
CFP 2367/2023,30/12/2024,CAMARA CRIMINAL Y CORRECCIONAL FEDERAL - SALA 2,scp/include/showFile.php?acc=showFAR&id=13278675&tipo=corrupcion-administrativa
CFP 2367/2023,12/12/2023,CAMARA CRIMINAL Y CORRECCIONAL FEDERAL - SALA 2,scp/include/showFile.php?acc=showFAR&id=12287573&tipo=corrupcion-administrativa
CFP 2367/2023,21/11/2023,CAMARA CRIMINAL Y CORRECCIONAL FEDERAL - SALA 2,scp/include/showFile.php?acc=showFAR&id=12227090&tipo=corrupcion-administrativa
CFP 2099/2023,05/10/2023,CAMARA CRIMINAL Y CORRECCIONAL FEDERAL - SALA 2,scp/include/showFile.php?acc=showFAR&id=12101477&tipo=corrupcion-administrativa
CFP 2099/2023,14/09/2023,CAMARA CRIMINAL Y CORRECCIONAL FEDERAL - SALA 2,scp/include/showFile.php?acc=showFAR&id=12030999&tipo=corrupcion-administrativa
CFP 946/2023,16/05/2023,CAMARA CRIMINAL Y CORRECCIONAL FEDERAL - SALA 1,scp/include/showFile.php?acc=showFAR&id=11692692&tipo=corrupcion-administrativa
CFP 910/2023,05/12/2023,CAMARA CRIMINAL Y CORRECCIONAL FEDERAL - SALA 2,scp/include/showFile.php?acc=showFAR&id=12270751&tipo=corrupcion-administrativa
CFP 850/2023,06/05/2025,CAMARA CRIMINAL Y CORRECCIONAL FEDERAL - SALA 2,scp/include/showFile.php?acc=showFAR&id=13556114&tipo=corrupcion-administrativa
CFP 850/2023,01/09/2023,CAMARA CRIMINAL Y CORRECCIONAL FEDERAL - SALA 2,scp/include/showFile.php?acc=showFAR&id=11995713&tipo=corrupcion-administrativa
CFP 493/2023,19/10/2023,CAMARA CRIMINAL Y CORRECCIONAL FEDERAL - SALA 1,scp/include/showFile.php?acc=showFAR&id=12140518&tipo=corrupcion-administrativa
CCC 22740/2022,09/11/2023,CAMARA CRIMINAL Y CORRECCIONAL FEDERAL - SALA 2,scp/include/showFile.php?acc=showFAR&id=12202313&tipo=corrupcion-administrativa
CCC 16342/2022,13/07/2023,CAMARA CRIMINAL Y CORRECCIONAL FEDERAL - SALA 1,scp/include/showFile.php?acc=showFAR&id=11897375&tipo=corrupcion-administrativa
CCC 16342/2022,05/12/2022,CAMARA CRIMINAL Y CORRECCIONAL FEDERAL - SALA 1,scp/include/showFile.php?acc=showFAR&id=11292211&tipo=corrupcion-administrativa
CFP 3764/2022,06/08/2024,CAMARA CRIMINAL Y CORRECCIONAL FEDERAL - SALA 2,scp/include/showFile.php?acc=showFAR&id=12847325&tipo=corrupcion-administrativa
CFP 3764/2022,15/11/2023,CAMARA CRIMINAL Y CORRECCIONAL FEDERAL - SALA 2,scp/include/showFile.php?acc=showFAR&id=12218734&tipo=corrupcion-administrativa
CFP 3764/2022,07/11/2023,CAMARA CRIMINAL Y CORRECCIONAL FEDERAL - SALA 2,scp/include/showFile.php?acc=showFAR&id=12193273&tipo=corrupcion-administrativa
CFP 3764/2022,12/10/2023,CAMARA CRIMINAL Y CORRECCIONAL FEDERAL - SALA 2,scp/include/showFile.php?acc=showFAR&id=12121420&tipo=corrupcion-administrativa
CFP 3764/2022,12/10/2023,CAMARA CRIMINAL Y CORRECCIONAL FEDERAL - SALA 2,scp/include/showFile.php?acc=showFAR&id=12121311&tipo=corrupcion-administrativa
CFP 3764/2022,12/10/2023,CAMARA CRIMINAL Y CORRECCIONAL FEDERAL - SALA 2,scp/include/showFile.php?acc=showFAR&id=12121438&tipo=corrupcion-administrativa
CFP 3080/2022,16/05/2023,CAMARA CRIMINAL Y CORRECCIONAL FEDERAL - SALA 2,scp/include/showFile.php?acc=showFAR&id=11695043&tipo=corrupcion-administrativa
CFP 2954/2022,28/09/2022,CAMARA CRIMINAL Y CORRECCIONAL FEDERAL - SECRETARIA ESPECIAL,scp/include/showFile.php?acc=showFAR&id=11082978&tipo=corrupcion-administrativa
CFP 2579/2022,21/03/2024,CAMARA CRIMINAL Y CORRECCIONAL FEDERAL - SALA 1,scp/include/showFile.php?acc=showFAR&id=12492770&tipo=corrupcion-administrativa
CFP 2579/2022,13/11/2023,CAMARA CRIMINAL Y CORRECCIONAL FEDERAL - SALA 1,scp/include/showFile.php?acc=showFAR&id=12438522&tipo=corrupcion-administrativa
CFP 2579/2022,15/08/2023,CAMARA CRIMINAL Y CORRECCIONAL FEDERAL - SALA 1,scp/include/showFile.php?acc=showFAR&id=11938909&tipo=corrupcion-administrativa
CFP 2579/2022,02/08/2023,CAMARA CRIMINAL Y CORRECCIONAL FEDERAL - SALA 1,scp/include/showFile.php?acc=showFAR&id=12041147&tipo=corrupcion-administrativa
CFP 2579/2022,26/07/2023,CAMARA CRIMINAL Y CORRECCIONAL FEDERAL - SALA 1,scp/include/showFile.php?acc=showFAR&id=11885316&tipo=corrupcion-administrativa
CFP 2579/2022,06/07/2023,CAMARA CRIMINAL Y CORRECCIONAL FEDERAL - SALA 1,scp/include/showFile.php?acc=showFAR&id=11851415&tipo=corrupcion-administrativa
CFP 2579/2022,23/05/2023,CAMARA CRIMINAL Y CORRECCIONAL FEDERAL - SALA 1,scp/include/showFile.php?acc=showFAR&id=11719735&tipo=corrupcion-administrativa
CFP 2579/2022,04/05/2023,CAMARA CRIMINAL Y CORRECCIONAL FEDERAL - SALA 1,scp/include/showFile.php?acc=showFAR&id=11656545&tipo=corrupcion-administrativa
CFP 2579/2022,25/04/2023,CAMARA CRIMINAL Y CORRECCIONAL FEDERAL - SALA 1,scp/include/showFile.php?acc=showFAR&id=11622844&tipo=corrupcion-administrativa
CFP 2579/2022,17/04/2023,CAMARA CRIMINAL Y CORRECCIONAL FEDERAL - SALA 1,scp/include/showFile.php?acc=showFAR&id=11592409&tipo=corrupcion-administrativa
CFP 2579/2022,29/03/2023,CAMARA CRIMINAL Y CORRECCIONAL FEDERAL - SALA 1,scp/include/showFile.php?acc=showFAR&id=11538675&tipo=corrupcion-administrativa
CFP 2579/2022,20/03/2023,CAMARA CRIMINAL Y CORRECCIONAL FEDERAL - SALA 1,scp/include/showFile.php?acc=showFAR&id=11508023&tipo=corrupcion-administrativa
CFP 2577/2022,12/06/2025,TRIBUNAL ORAL EN LO CRIMINAL FEDERAL 2,scp/include/showFile.php?acc=showFAR&id=13689290&tipo=corrupcion-administrativa
CFP 2577/2022,14/09/2023,TRIBUNAL ORAL EN LO CRIMINAL FEDERAL 2,scp/include/showFile.php?acc=showFAR&id=12034445&tipo=corrupcion-administrativa
CFP 2054/2022,29/09/2022,CAMARA CRIMINAL Y CORRECCIONAL FEDERAL - SALA 2,scp/include/showFile.php?acc=showFAR&id=11086378&tipo=corrupcion-administrativa
CFP 2054/2022,22/09/2022,CAMARA CRIMINAL Y CORRECCIONAL FEDERAL - SALA 2,scp/include/showFile.php?acc=showFAR&id=11062584&tipo=corrupcion-administrativa
CFP 2054/2022,11/08/2022,CAMARA CRIMINAL Y CORRECCIONAL FEDERAL - SALA 2,scp/include/showFile.php?acc=showFAR&id=10930229&tipo=corrupcion-administrativa
CFP 2054/2022,28/07/2022,CAMARA CRIMINAL Y CORRECCIONAL FEDERAL - SALA 2,scp/include/showFile.php?acc=showFAR&id=10890994&tipo=corrupcion-administrativa
CFP 2054/2022,08/07/2022,CAMARA CRIMINAL Y CORRECCIONAL FEDERAL - SALA 2,scp/include/showFile.php?acc=showFAR&id=10858834&tipo=corrupcion-administrativa
CFP 1714/2022,20/05/2024,CAMARA CRIMINAL Y CORRECCIONAL FEDERAL - SALA 1,scp/include/showFile.php?acc=showFAR&id=12658211&tipo=corrupcion-administrativa
CFP 1714/2022,23/11/2023,CAMARA CRIMINAL Y CORRECCIONAL FEDERAL - SALA 1,scp/include/showFile.php?acc=showFAR&id=12236141&tipo=corrupcion-administrativa
CFP 1714/2022,02/11/2023,CAMARA CRIMINAL Y CORRECCIONAL FEDERAL - SALA 1,scp/include/showFile.php?acc=showFAR&id=12181133&tipo=corrupcion-administrativa
CFP 1714/2022,13/01/2023,CAMARA CRIMINAL Y CORRECCIONAL FEDERAL - SALA 1,scp/include/showFile.php?acc=showFAR&id=11368194&tipo=corrupcion-administrativa
CFP 1534/2022,18/12/2024,CAMARA CRIMINAL Y CORRECCIONAL FEDERAL - SALA 1,scp/include/showFile.php?acc=showFAR&id=13278636&tipo=corrupcion-administrativa
CFP 1534/2022,30/10/2024,CAMARA CRIMINAL Y CORRECCIONAL FEDERAL - SALA 1,scp/include/showFile.php?acc=showFAR&id=13136831&tipo=corrupcion-administrativa
CFP 1534/2022,30/10/2024,CAMARA CRIMINAL Y CORRECCIONAL FEDERAL - SALA 1,scp/include/showFile.php?acc=showFAR&id=13136833&tipo=corrupcion-administrativa
CFP 1236/2022,04/05/2023,CAMARA CRIMINAL Y CORRECCIONAL FEDERAL - SALA 2,scp/include/showFile.php?acc=showFAR&id=11654330&tipo=corrupcion-administrativa
CFP 1236/2022,04/04/2023,CAMARA CRIMINAL Y CORRECCIONAL FEDERAL - SALA 2,scp/include/showFile.php?acc=showFAR&id=11563942&tipo=corrupcion-administrativa
CFP 1236/2022,30/03/2023,CAMARA CRIMINAL Y CORRECCIONAL FEDERAL - SALA 2,scp/include/showFile.php?acc=showFAR&id=11544398&tipo=corrupcion-administrativa
CFP 1117/2022,22/02/2024,CAMARA CRIMINAL Y CORRECCIONAL FEDERAL - SALA 2,scp/include/showFile.php?acc=showFAR&id=12406845&tipo=corrupcion-administrativa
CFP 1117/2022,22/02/2024,CAMARA CRIMINAL Y CORRECCIONAL FEDERAL - SALA 2,scp/include/showFile.php?acc=showFAR&id=12407950&tipo=corrupcion-administrativa
CFP 1117/2022,07/09/2023,CAMARA CRIMINAL Y CORRECCIONAL FEDERAL - SALA 2,scp/include/showFile.php?acc=showFAR&id=12010286&tipo=corrupcion-administrativa
CFP 1117/2022,11/07/2022,CAMARA CRIMINAL Y CORRECCIONAL FEDERAL - SECRETARIA ESPECIAL,scp/include/showFile.php?acc=showFAR&id=10865958&tipo=corrupcion-administrativa
CFP 894/2022,26/05/2022,CAMARA CRIMINAL Y CORRECCIONAL FEDERAL - SALA 2,scp/include/showFile.php?acc=showFAR&id=10722131&tipo=corrupcion-administrativa
CFP 420/2022,03/06/2024,CAMARA CRIMINAL Y CORRECCIONAL FEDERAL - SALA 1,scp/include/showFile.php?acc=showFAR&id=12707933&tipo=corrupcion-administrativa
CFP 420/2022,04/11/2022,CAMARA CRIMINAL Y CORRECCIONAL FEDERAL - SALA 1,scp/include/showFile.php?acc=showFAR&id=11195677&tipo=corrupcion-administrativa
CFP 206/2022,21/03/2024,CAMARA CRIMINAL Y CORRECCIONAL FEDERAL - SALA 1,scp/include/showFile.php?acc=showFAR&id=12494658&tipo=corrupcion-administrativa
CFP 206/2022,09/02/2024,CAMARA CRIMINAL Y CORRECCIONAL FEDERAL - SALA 1,scp/include/showFile.php?acc=showFAR&id=12384667&tipo=corrupcion-administrativa
CFP 206/2022,23/05/2023,CAMARA CRIMINAL Y CORRECCIONAL FEDERAL - SALA 1,scp/include/showFile.php?acc=showFAR&id=11717420&tipo=corrupcion-administrativa
CFP 206/2022,08/05/2023,CAMARA CRIMINAL Y CORRECCIONAL FEDERAL - SALA 1,scp/include/showFile.php?acc=showFAR&id=11668488&tipo=corrupcion-administrativa
CFP 206/2022,26/07/2022,CAMARA CRIMINAL Y CORRECCIONAL FEDERAL - SECRETARIA ESPECIAL,scp/include/showFile.php?acc=showFAR&id=10889122&tipo=corrupcion-administrativa
CFP 7754/2021,05/09/2023,CAMARA CRIMINAL Y CORRECCIONAL FEDERAL - SALA 2,scp/include/showFile.php?acc=showFAR&id=12002514&tipo=corrupcion-administrativa
CFP 7402/2021,02/06/2022,CAMARA CRIMINAL Y CORRECCIONAL FEDERAL - SALA 2,scp/include/showFile.php?acc=showFAR&id=10747225&tipo=corrupcion-administrativa
CFP 7267/2021,23/03/2022,CAMARA CRIMINAL Y CORRECCIONAL FEDERAL - SALA 2,scp/include/showFile.php?acc=showFAR&id=10523589&tipo=corrupcion-administrativa
CFP 7267/2021,22/02/2022,CAMARA CRIMINAL Y CORRECCIONAL FEDERAL - SALA 2,scp/include/showFile.php?acc=showFAR&id=10445477&tipo=corrupcion-administrativa
CFP 7267/2021,21/12/2021,CAMARA CRIMINAL Y CORRECCIONAL FEDERAL - SALA 2,scp/include/showFile.php?acc=showFAR&id=10357945&tipo=corrupcion-administrativa
CFP 7264/2021,10/03/2022,CAMARA CRIMINAL Y CORRECCIONAL FEDERAL - SALA 1,scp/include/showFile.php?acc=showFAR&id=10486648&tipo=corrupcion-administrativa
CFP 6965/2021,30/12/2021,CAMARA CRIMINAL Y CORRECCIONAL FEDERAL - SALA 1,scp/include/showFile.php?acc=showFAR&id=10385007&tipo=corrupcion-administrativa
CFP 6965/2021,03/12/2021,CAMARA CRIMINAL Y CORRECCIONAL FEDERAL - SALA 1,scp/include/showFile.php?acc=showFAR&id=10338381&tipo=corrupcion-administrativa
CFP 6911/2021,04/02/2022,CAMARA CRIMINAL Y CORRECCIONAL FEDERAL - SALA 1,scp/include/showFile.php?acc=showFAR&id=10403368&tipo=corrupcion-administrativa
CFP 6869/2021,17/03/2022,CAMARA CRIMINAL Y CORRECCIONAL FEDERAL - SALA 2,scp/include/showFile.php?acc=showFAR&id=10506654&tipo=corrupcion-administrativa
CFP 6778/2021,17/10/2025,TRIBUNAL ORAL EN LO CRIMINAL FEDERAL 2,scp/include/showFile.php?acc=showFAR&id=14089911&tipo=corrupcion-administrativa
CFP 6734/2021,24/08/2022,CAMARA CRIMINAL Y CORRECCIONAL FEDERAL - SALA 1,scp/include/showFile.php?acc=showFAR&id=10969314&tipo=corrupcion-administrativa
CFP 6675/2021,17/05/2023,TRIBUNAL ORAL EN LO CRIMINAL FEDERAL 1,scp/include/showFile.php?acc=showFAR&id=11700054&tipo=corrupcion-administrativa
CFP 6675/2021,14/06/2022,TRIBUNAL ORAL EN LO CRIMINAL FEDERAL 1,scp/include/showFile.php?acc=showFAR&id=10785721&tipo=corrupcion-administrativa
CFP 6675/2021,12/04/2022,TRIBUNAL ORAL EN LO CRIMINAL FEDERAL 1,scp/include/showFile.php?acc=showFAR&id=10582177&tipo=corrupcion-administrativa
CFP 6483/2021,29/12/2021,CAMARA CRIMINAL Y CORRECCIONAL FEDERAL - SALA 1,scp/include/showFile.php?acc=showFAR&id=10379855&tipo=corrupcion-administrativa
CFP 6483/2021,02/12/2021,CAMARA CRIMINAL Y CORRECCIONAL FEDERAL - SALA 1,scp/include/showFile.php?acc=showFAR&id=10314118&tipo=corrupcion-administrativa
CFP 5671/2021,19/09/2025,TRIBUNAL ORAL EN LO CRIMINAL FEDERAL 8,scp/include/showFile.php?acc=showFAR&id=13987912&tipo=corrupcion-administrativa
CFP 5671/2021,08/08/2025,TRIBUNAL ORAL EN LO CRIMINAL FEDERAL 8,scp/include/showFile.php?acc=showFAR&id=13840264&tipo=corrupcion-administrativa
CCC 5373/2021,20/10/2022,CAMARA CRIMINAL Y CORRECCIONAL FEDERAL - SALA 2,scp/include/showFile.php?acc=showFAR&id=11144161&tipo=corrupcion-administrativa
CFP 5212/2021,15/11/2021,CAMARA CRIMINAL Y CORRECCIONAL FEDERAL - SECRETARIA ESPECIAL,scp/include/showFile.php?acc=showFAR&id=10274877&tipo=corrupcion-administrativa
CFP 5196/2021,05/05/2022,CAMARA CRIMINAL Y CORRECCIONAL FEDERAL - SALA 2,scp/include/showFile.php?acc=showFAR&id=10656976&tipo=corrupcion-administrativa
CFP 5115/2021,28/04/2023,CAMARA CRIMINAL Y CORRECCIONAL FEDERAL - SALA 1,scp/include/showFile.php?acc=showFAR&id=11637495&tipo=corrupcion-administrativa
CFP 4513/2021,22/09/2021,CAMARA CRIMINAL Y CORRECCIONAL FEDERAL - SECRETARIA ESPECIAL,scp/include/showFile.php?acc=showFAR&id=10142158&tipo=corrupcion-administrativa
CFP 4143/2021,19/08/2021,CAMARA CRIMINAL Y CORRECCIONAL FEDERAL - SALA 2,scp/include/showFile.php?acc=showFAR&id=10052435&tipo=corrupcion-administrativa
CFP 3634/2021,30/08/2022,CAMARA CRIMINAL Y CORRECCIONAL FEDERAL - SALA 1,scp/include/showFile.php?acc=showFAR&id=10986129&tipo=corrupcion-administrativa
CFP 3634/2021,29/08/2022,CAMARA CRIMINAL Y CORRECCIONAL FEDERAL - SALA 1,scp/include/showFile.php?acc=showFAR&id=10980548&tipo=corrupcion-administrativa
CFP 3482/2021,28/12/2023,CAMARA CRIMINAL Y CORRECCIONAL FEDERAL - SALA 2,scp/include/showFile.php?acc=showFAR&id=12335743&tipo=corrupcion-administrativa
CFP 2565/2021,01/06/2021,CAMARA CRIMINAL Y CORRECCIONAL FEDERAL - SECRETARIA ESPECIAL,scp/include/showFile.php?acc=showFAR&id=9893306&tipo=corrupcion-administrativa
CFP 1611/2021,13/10/2021,CAMARA CRIMINAL Y CORRECCIONAL FEDERAL - SECRETARIA ESPECIAL,scp/include/showFile.php?acc=showFAR&id=10190987&tipo=corrupcion-administrativa
CFP 1611/2021,26/05/2021,CAMARA CRIMINAL Y CORRECCIONAL FEDERAL - SECRETARIA ESPECIAL,scp/include/showFile.php?acc=showFAR&id=9877971&tipo=corrupcion-administrativa
CFP 1483/2021,18/05/2021,CAMARA CRIMINAL Y CORRECCIONAL FEDERAL - SECRETARIA ESPECIAL,scp/include/showFile.php?acc=showFAR&id=9864298&tipo=corrupcion-administrativa
CFP 1363/2021,09/03/2023,CAMARA CRIMINAL Y CORRECCIONAL FEDERAL - SALA 2,scp/include/showFile.php?acc=showFAR&id=11474498&tipo=corrupcion-administrativa
CFP 1135/2021,27/11/2023,CAMARA CRIMINAL Y CORRECCIONAL FEDERAL - SALA 1,scp/include/showFile.php?acc=showFAR&id=12251757&tipo=corrupcion-administrativa
CFP 1135/2021,17/08/2021,CAMARA CRIMINAL Y CORRECCIONAL FEDERAL - SALA 1,scp/include/showFile.php?acc=showFAR&id=10280269&tipo=corrupcion-administrativa
CFP 1114/2021,04/11/2022,CAMARA CRIMINAL Y CORRECCIONAL FEDERAL - SECRETARIA ESPECIAL,scp/include/showFile.php?acc=showFAR&id=11198686&tipo=corrupcion-administrativa
CFP 1107/2021,02/03/2023,CAMARA CRIMINAL Y CORRECCIONAL FEDERAL - SALA 2,scp/include/showFile.php?acc=showFAR&id=11451665&tipo=corrupcion-administrativa
CFP 1107/2021,18/08/2022,CAMARA CRIMINAL Y CORRECCIONAL FEDERAL - SALA 2,scp/include/showFile.php?acc=showFAR&id=10948859&tipo=corrupcion-administrativa
CFP 1107/2021,04/08/2022,CAMARA CRIMINAL Y CORRECCIONAL FEDERAL - SALA 2,scp/include/showFile.php?acc=showFAR&id=10908161&tipo=corrupcion-administrativa
CFP 1107/2021,21/07/2022,CAMARA CRIMINAL Y CORRECCIONAL FEDERAL - SALA 2,scp/include/showFile.php?acc=showFAR&id=10885924&tipo=corrupcion-administrativa
CFP 1107/2021,21/07/2022,CAMARA CRIMINAL Y CORRECCIONAL FEDERAL - SALA 2,scp/include/showFile.php?acc=showFAR&id=10885925&tipo=corrupcion-administrativa
CFP 1107/2021,02/06/2022,CAMARA CRIMINAL Y CORRECCIONAL FEDERAL - SALA 2,scp/include/showFile.php?acc=showFAR&id=10746978&tipo=corrupcion-administrativa
CFP 1107/2021,05/05/2022,CAMARA CRIMINAL Y CORRECCIONAL FEDERAL - SALA 2,scp/include/showFile.php?acc=showFAR&id=10656883&tipo=corrupcion-administrativa
CFP 1107/2021,12/04/2022,CAMARA CRIMINAL Y CORRECCIONAL FEDERAL - SALA 2,scp/include/showFile.php?acc=showFAR&id=10583809&tipo=corrupcion-administrativa
CFP 1107/2021,07/05/2021,CAMARA CRIMINAL Y CORRECCIONAL FEDERAL - SECRETARIA ESPECIAL,scp/include/showFile.php?acc=showFAR&id=9841760&tipo=corrupcion-administrativa
CFP 1000/2021,07/06/2022,CAMARA CRIMINAL Y CORRECCIONAL FEDERAL - SALA 2,scp/include/showFile.php?acc=showFAR&id=10759180&tipo=corrupcion-administrativa
CFP 1000/2021,02/06/2022,CAMARA CRIMINAL Y CORRECCIONAL FEDERAL - SALA 1,scp/include/showFile.php?acc=showFAR&id=10750653&tipo=corrupcion-administrativa
CFP 1000/2021,31/05/2022,CAMARA CRIMINAL Y CORRECCIONAL FEDERAL - SALA 2,scp/include/showFile.php?acc=showFAR&id=10736547&tipo=corrupcion-administrativa
CFP 1000/2021,21/05/2021,CAMARA CRIMINAL Y CORRECCIONAL FEDERAL - SECRETARIA ESPECIAL,scp/include/showFile.php?acc=showFAR&id=9873757&tipo=corrupcion-administrativa
CFP 998/2021,21/05/2021,CAMARA CRIMINAL Y CORRECCIONAL FEDERAL - SECRETARIA ESPECIAL,scp/include/showFile.php?acc=showFAR&id=9873701&tipo=corrupcion-administrativa
CFP 686/2021,28/05/2021,CAMARA CRIMINAL Y CORRECCIONAL FEDERAL - SECRETARIA ESPECIAL,scp/include/showFile.php?acc=showFAR&id=9884171&tipo=corrupcion-administrativa
CFP 670/2021,17/06/2021,CAMARA CRIMINAL Y CORRECCIONAL FEDERAL - SALA 1,scp/include/showFile.php?acc=showFAR&id=9930031&tipo=corrupcion-administrativa
CFP 670/2021,12/05/2021,CAMARA CRIMINAL Y CORRECCIONAL FEDERAL - SALA 1,scp/include/showFile.php?acc=showFAR&id=9848996&tipo=corrupcion-administrativa
CCC 27699/2020,17/03/2023,CAMARA CRIMINAL Y CORRECCIONAL FEDERAL - SALA 1,scp/include/showFile.php?acc=showFAR&id=11501971&tipo=corrupcion-administrativa
CFP 10045/2020,27/04/2021,CAMARA CRIMINAL Y CORRECCIONAL FEDERAL - SALA 1,scp/include/showFile.php?acc=showFAR&id=9810943&tipo=corrupcion-administrativa
CFP 10038/2020,12/08/2021,CAMARA CRIMINAL Y CORRECCIONAL FEDERAL - SALA 2,scp/include/showFile.php?acc=showFAR&id=10039397&tipo=corrupcion-administrativa
CFP 9951/2020,02/12/2021,CAMARA CRIMINAL Y CORRECCIONAL FEDERAL - SECRETARIA ESPECIAL,scp/include/showFile.php?acc=showFAR&id=10315948&tipo=corrupcion-administrativa
CFP 9950/2020,06/10/2022,CAMARA CRIMINAL Y CORRECCIONAL FEDERAL - SALA 2,scp/include/showFile.php?acc=showFAR&id=11107966&tipo=corrupcion-administrativa
CFP 9810/2020,22/02/2021,CAMARA CRIMINAL Y CORRECCIONAL FEDERAL - SALA 1,scp/include/showFile.php?acc=showFAR&id=9663966&tipo=corrupcion-administrativa
CFP 9756/2020,08/04/2021,CAMARA CRIMINAL Y CORRECCIONAL FEDERAL - SALA 2,scp/include/showFile.php?acc=showFAR&id=9766610&tipo=corrupcion-administrativa
CFP 9378/2020,06/12/2022,CAMARA CRIMINAL Y CORRECCIONAL FEDERAL - SALA 2,scp/include/showFile.php?acc=showFAR&id=11283231&tipo=corrupcion-administrativa
CFP 9279/2020,24/06/2025,CAMARA CRIMINAL Y CORRECCIONAL FEDERAL - SALA 2,scp/include/showFile.php?acc=showFAR&id=13719254&tipo=corrupcion-administrativa
CFP 9279/2020,14/11/2024,CAMARA CRIMINAL Y CORRECCIONAL FEDERAL - SALA 2,scp/include/showFile.php?acc=showFAR&id=13149327&tipo=corrupcion-administrativa
CFP 9184/2020,04/11/2025,CAMARA CRIMINAL Y CORRECCIONAL FEDERAL - SALA 2,scp/include/showFile.php?acc=showFAR&id=14149876&tipo=corrupcion-administrativa
CFP 9184/2020,09/11/2023,CAMARA CRIMINAL Y CORRECCIONAL FEDERAL - SALA 2,scp/include/showFile.php?acc=showFAR&id=12205772&tipo=corrupcion-administrativa
CFP 9184/2020,26/10/2023,CAMARA CRIMINAL Y CORRECCIONAL FEDERAL - SALA 2,scp/include/showFile.php?acc=showFAR&id=12158526&tipo=corrupcion-administrativa
CFP 9184/2020,24/05/2022,CAMARA CRIMINAL Y CORRECCIONAL FEDERAL - SALA 2,scp/include/showFile.php?acc=showFAR&id=10715689&tipo=corrupcion-administrativa
CFP 9184/2020,15/07/2021,CAMARA CRIMINAL Y CORRECCIONAL FEDERAL - SALA 2,scp/include/showFile.php?acc=showFAR&id=9996235&tipo=corrupcion-administrativa
CFP 9184/2020,15/07/2021,CAMARA CRIMINAL Y CORRECCIONAL FEDERAL - SALA 2,scp/include/showFile.php?acc=showFAR&id=9996307&tipo=corrupcion-administrativa
CCC 9029/2020,11/04/2023,TRIBUNAL ORAL EN LO CRIMINAL FEDERAL 1,scp/include/showFile.php?acc=showFAR&id=11574712&tipo=corrupcion-administrativa
CCC 9029/2020,22/12/2022,CAMARA CRIMINAL Y CORRECCIONAL FEDERAL - SALA 1,scp/include/showFile.php?acc=showFAR&id=11331464&tipo=corrupcion-administrativa
CFP 8941/2020,05/05/2021,CAMARA CRIMINAL Y CORRECCIONAL FEDERAL - SALA 1,scp/include/showFile.php?acc=showFAR&id=9833097&tipo=corrupcion-administrativa
CFP 8941/2020,21/12/2020,CAMARA CRIMINAL Y CORRECCIONAL FEDERAL - SECRETARIA ESPECIAL,scp/include/showFile.php?acc=showFAR&id=9597489&tipo=corrupcion-administrativa
CFP 8324/2020,02/06/2025,TRIBUNAL ORAL EN LO CRIMINAL FEDERAL 3,scp/include/showFile.php?acc=showFAR&id=13649278&tipo=corrupcion-administrativa
CFP 8324/2020,14/03/2025,TRIBUNAL ORAL EN LO CRIMINAL FEDERAL 3,scp/include/showFile.php?acc=showFAR&id=13403935&tipo=corrupcion-administrativa
CFP 8324/2020,26/12/2022,CAMARA CRIMINAL Y CORRECCIONAL FEDERAL - SALA 1,scp/include/showFile.php?acc=showFAR&id=11331449&tipo=corrupcion-administrativa
CFP 8280/2020,09/03/2023,CAMARA CRIMINAL Y CORRECCIONAL FEDERAL - SALA 2,scp/include/showFile.php?acc=showFAR&id=11474087&tipo=corrupcion-administrativa
CFP 8278/2020,23/04/2021,CAMARA CRIMINAL Y CORRECCIONAL FEDERAL - SALA 1,scp/include/showFile.php?acc=showFAR&id=9803928&tipo=corrupcion-administrativa
CFP 8278/2020,05/04/2021,CAMARA CRIMINAL Y CORRECCIONAL FEDERAL - SALA 1,scp/include/showFile.php?acc=showFAR&id=9756703&tipo=corrupcion-administrativa
CFP 8278/2020,05/03/2021,CAMARA CRIMINAL Y CORRECCIONAL FEDERAL - SALA 1,scp/include/showFile.php?acc=showFAR&id=9694914&tipo=corrupcion-administrativa
CFP 8278/2020,03/03/2021,CAMARA CRIMINAL Y CORRECCIONAL FEDERAL - SALA 1,scp/include/showFile.php?acc=showFAR&id=9690514&tipo=corrupcion-administrativa
CFP 8080/2020,29/10/2020,CAMARA CRIMINAL Y CORRECCIONAL FEDERAL - SALA 2,scp/include/showFile.php?acc=showFAR&id=9493963&tipo=corrupcion-administrativa
CFP 7356/2020,03/11/2020,CAMARA CRIMINAL Y CORRECCIONAL FEDERAL - SECRETARIA ESPECIAL,scp/include/showFile.php?acc=showFAR&id=9504352&tipo=corrupcion-administrativa
CFP 6367/2020,12/04/2022,CAMARA CRIMINAL Y CORRECCIONAL FEDERAL - SALA 1,scp/include/showFile.php?acc=showFAR&id=10610747&tipo=corrupcion-administrativa
CFP 6203/2020,15/11/2021,CAMARA CRIMINAL Y CORRECCIONAL FEDERAL - SALA 2,scp/include/showFile.php?acc=showFAR&id=10273354&tipo=corrupcion-administrativa
CFP 6203/2020,08/11/2021,CAMARA CRIMINAL Y CORRECCIONAL FEDERAL - SALA 2,scp/include/showFile.php?acc=showFAR&id=10256203&tipo=corrupcion-administrativa
CFP 6177/2020,06/10/2021,CAMARA CRIMINAL Y CORRECCIONAL FEDERAL - SECRETARIA ESPECIAL,scp/include/showFile.php?acc=showFAR&id=10179084&tipo=corrupcion-administrativa
CFP 5920/2020,06/04/2021,CAMARA CRIMINAL Y CORRECCIONAL FEDERAL - SALA 1,scp/include/showFile.php?acc=showFAR&id=9759756&tipo=corrupcion-administrativa
CFP 5920/2020,21/08/2020,CAMARA CRIMINAL Y CORRECCIONAL FEDERAL - SECRETARIA ESPECIAL,scp/include/showFile.php?acc=showFAR&id=9339548&tipo=corrupcion-administrativa
CFP 5521/2020,18/02/2021,CAMARA CRIMINAL Y CORRECCIONAL FEDERAL - SALA 2,scp/include/showFile.php?acc=showFAR&id=9658891&tipo=corrupcion-administrativa
CFP 5396/2020,18/09/2020,CAMARA CRIMINAL Y CORRECCIONAL FEDERAL - SECRETARIA ESPECIAL,scp/include/showFile.php?acc=showFAR&id=9402253&tipo=corrupcion-administrativa
CFP 4488/2020,26/10/2020,CAMARA CRIMINAL Y CORRECCIONAL FEDERAL - SALA 2,scp/include/showFile.php?acc=showFAR&id=9484309&tipo=corrupcion-administrativa
CFP 4488/2020,16/07/2020,CAMARA CRIMINAL Y CORRECCIONAL FEDERAL - SALA 2,scp/include/showFile.php?acc=showFAR&id=9246320&tipo=corrupcion-administrativa
CFP 4077/2020,11/11/2025,CAMARA CRIMINAL Y CORRECCIONAL FEDERAL - SALA 2,scp/include/showFile.php?acc=showFAR&id=14170997&tipo=corrupcion-administrativa
CFP 4077/2020,25/09/2025,CAMARA CRIMINAL Y CORRECCIONAL FEDERAL - SALA 2,scp/include/showFile.php?acc=showFAR&id=14007800&tipo=corrupcion-administrativa
CFP 4077/2020,22/08/2024,CAMARA CRIMINAL Y CORRECCIONAL FEDERAL - SALA 2,scp/include/showFile.php?acc=showFAR&id=12945456&tipo=corrupcion-administrativa
CFP 4077/2020,06/08/2024,CAMARA CRIMINAL Y CORRECCIONAL FEDERAL - SALA 2,scp/include/showFile.php?acc=showFAR&id=12847948&tipo=corrupcion-administrativa
CFP 4077/2020,12/10/2023,CAMARA CRIMINAL Y CORRECCIONAL FEDERAL - SALA 2,scp/include/showFile.php?acc=showFAR&id=12121308&tipo=corrupcion-administrativa
CFP 4077/2020,27/06/2023,CAMARA CRIMINAL Y CORRECCIONAL FEDERAL - SALA 2,scp/include/showFile.php?acc=showFAR&id=11817184&tipo=corrupcion-administrativa
CFP 4077/2020,06/06/2023,CAMARA CRIMINAL Y CORRECCIONAL FEDERAL - SALA 2,scp/include/showFile.php?acc=showFAR&id=11757912&tipo=corrupcion-administrativa
CFP 4077/2020,16/03/2023,CAMARA CRIMINAL Y CORRECCIONAL FEDERAL - SALA 2,scp/include/showFile.php?acc=showFAR&id=11498715&tipo=corrupcion-administrativa
CFP 4077/2020,16/03/2023,CAMARA CRIMINAL Y CORRECCIONAL FEDERAL - SALA 2,scp/include/showFile.php?acc=showFAR&id=11498751&tipo=corrupcion-administrativa
CFP 3582/2020,22/06/2021,CAMARA CRIMINAL Y CORRECCIONAL FEDERAL - SALA 1,scp/include/showFile.php?acc=showFAR&id=9937680&tipo=corrupcion-administrativa
CFP 3045/2020,15/07/2021,CAMARA CRIMINAL Y CORRECCIONAL FEDERAL - SALA 1,scp/include/showFile.php?acc=showFAR&id=9995429&tipo=corrupcion-administrativa
CFP 2958/2020,12/04/2021,CAMARA CRIMINAL Y CORRECCIONAL FEDERAL - SALA 1,scp/include/showFile.php?acc=showFAR&id=9774433&tipo=corrupcion-administrativa
CFP 2958/2020,26/03/2021,CAMARA CRIMINAL Y CORRECCIONAL FEDERAL - SALA 1,scp/include/showFile.php?acc=showFAR&id=9741749&tipo=corrupcion-administrativa
CFP 2864/2020,30/05/2022,CAMARA CRIMINAL Y CORRECCIONAL FEDERAL - SALA 1,scp/include/showFile.php?acc=showFAR&id=10732153&tipo=corrupcion-administrativa
CFP 2357/2020,10/08/2020,CAMARA CRIMINAL Y CORRECCIONAL FEDERAL - SECRETARIA ESPECIAL,scp/include/showFile.php?acc=showFAR&id=9307113&tipo=corrupcion-administrativa
CFP 2357/2020,03/07/2020,CAMARA CRIMINAL Y CORRECCIONAL FEDERAL - SALA 2,scp/include/showFile.php?acc=showFAR&id=9225064&tipo=corrupcion-administrativa
CFP 2357/2020,18/06/2020,CAMARA CRIMINAL Y CORRECCIONAL FEDERAL - SALA 2,scp/include/showFile.php?acc=showFAR&id=9198415&tipo=corrupcion-administrativa
CFP 1425/2020,09/08/2021,CAMARA CRIMINAL Y CORRECCIONAL FEDERAL - SALA 1,scp/include/showFile.php?acc=showFAR&id=10029398&tipo=corrupcion-administrativa
CFP 1425/2020,02/03/2021,CAMARA CRIMINAL Y CORRECCIONAL FEDERAL - SECRETARIA ESPECIAL,scp/include/showFile.php?acc=showFAR&id=9686046&tipo=corrupcion-administrativa
CFP 1074/2020,29/03/2022,CAMARA CRIMINAL Y CORRECCIONAL FEDERAL - SALA 2,scp/include/showFile.php?acc=showFAR&id=10537897&tipo=corrupcion-administrativa
CFP 1074/2020,23/03/2022,CAMARA CRIMINAL Y CORRECCIONAL FEDERAL - SALA 2,scp/include/showFile.php?acc=showFAR&id=10523879&tipo=corrupcion-administrativa
CFP 957/2020,16/12/2021,CAMARA CRIMINAL Y CORRECCIONAL FEDERAL - SALA 2,scp/include/showFile.php?acc=showFAR&id=10350082&tipo=corrupcion-administrativa
CFP 957/2020,07/10/2020,CAMARA CRIMINAL Y CORRECCIONAL FEDERAL - SALA 2,scp/include/showFile.php?acc=showFAR&id=9443694&tipo=corrupcion-administrativa
CFP 957/2020,19/03/2020,CAMARA CRIMINAL Y CORRECCIONAL FEDERAL - SALA 2,scp/include/showFile.php?acc=showFAR&id=9132831&tipo=corrupcion-administrativa
CFP 957/2020,19/03/2020,CAMARA CRIMINAL Y CORRECCIONAL FEDERAL - SALA 2,scp/include/showFile.php?acc=showFAR&id=9132833&tipo=corrupcion-administrativa
CFP 957/2020,19/03/2020,CAMARA CRIMINAL Y CORRECCIONAL FEDERAL - SALA 2,scp/include/showFile.php?acc=showFAR&id=9132860&tipo=corrupcion-administrativa
CFP 579/2020,15/04/2024,CAMARA CRIMINAL Y CORRECCIONAL FEDERAL - SALA 1,scp/include/showFile.php?acc=showFAR&id=12581637&tipo=corrupcion-administrativa
CFP 579/2020,26/03/2021,CAMARA CRIMINAL Y CORRECCIONAL FEDERAL - SALA 1,scp/include/showFile.php?acc=showFAR&id=9740944&tipo=corrupcion-administrativa
CFP 242/2020,27/08/2020,CAMARA CRIMINAL Y CORRECCIONAL FEDERAL - SALA 2,scp/include/showFile.php?acc=showFAR&id=9358634&tipo=corrupcion-administrativa
CFP 242/2020,27/08/2020,CAMARA CRIMINAL Y CORRECCIONAL FEDERAL - SALA 2,scp/include/showFile.php?acc=showFAR&id=9358557&tipo=corrupcion-administrativa
CFP 242/2020,06/08/2020,CAMARA CRIMINAL Y CORRECCIONAL FEDERAL - SALA 2,scp/include/showFile.php?acc=showFAR&id=9299407&tipo=corrupcion-administrativa
CFP 242/2020,06/08/2020,CAMARA CRIMINAL Y CORRECCIONAL FEDERAL - SALA 2,scp/include/showFile.php?acc=showFAR&id=9299467&tipo=corrupcion-administrativa
CCC 93740/2019,05/07/2024,TRIBUNAL ORAL EN LO CRIMINAL FEDERAL 2,scp/include/showFile.php?acc=showFAR&id=12794325&tipo=corrupcion-administrativa
CCC 63945/2019,16/12/2021,CAMARA CRIMINAL Y CORRECCIONAL FEDERAL - SALA 2,scp/include/showFile.php?acc=showFAR&id=10347169&tipo=corrupcion-administrativa
CCC 50723/2019,02/03/2023,CAMARA CRIMINAL Y CORRECCIONAL FEDERAL - SALA 1,scp/include/showFile.php?acc=showFAR&id=11452415&tipo=corrupcion-administrativa
CCC 50723/2019,14/12/2022,CAMARA CRIMINAL Y CORRECCIONAL FEDERAL - SALA 1,scp/include/showFile.php?acc=showFAR&id=11306330&tipo=corrupcion-administrativa
CCC 50723/2019,14/10/2022,CAMARA CRIMINAL Y CORRECCIONAL FEDERAL - SALA 1,scp/include/showFile.php?acc=showFAR&id=11130977&tipo=corrupcion-administrativa
CCC 50723/2019,06/09/2022,CAMARA CRIMINAL Y CORRECCIONAL FEDERAL - SALA 1,scp/include/showFile.php?acc=showFAR&id=11055859&tipo=corrupcion-administrativa
FCB 19504/2019,18/12/2020,CAMARA CRIMINAL Y CORRECCIONAL FEDERAL - SALA 1,scp/include/showFile.php?acc=showFAR&id=9594816&tipo=corrupcion-administrativa
CFP 9512/2019,19/08/2020,CAMARA CRIMINAL Y CORRECCIONAL FEDERAL - SALA 1,scp/include/showFile.php?acc=showFAR&id=9328089&tipo=corrupcion-administrativa
CFP 9255/2019,09/05/2024,CAMARA CRIMINAL Y CORRECCIONAL FEDERAL - SALA 2,scp/include/showFile.php?acc=showFAR&id=12628869&tipo=corrupcion-administrativa
CFP 9255/2019,11/04/2024,CAMARA CRIMINAL Y CORRECCIONAL FEDERAL - SALA 2,scp/include/showFile.php?acc=showFAR&id=12542720&tipo=corrupcion-administrativa
CFP 9255/2019,08/01/2024,CAMARA CRIMINAL Y CORRECCIONAL FEDERAL - SALA 2,scp/include/showFile.php?acc=showFAR&id=12349294&tipo=corrupcion-administrativa
CFP 9255/2019,28/12/2023,CAMARA CRIMINAL Y CORRECCIONAL FEDERAL - SALA 2,scp/include/showFile.php?acc=showFAR&id=12341142&tipo=corrupcion-administrativa
CFP 9255/2019,12/12/2023,CAMARA CRIMINAL Y CORRECCIONAL FEDERAL - SALA 2,scp/include/showFile.php?acc=showFAR&id=12291392&tipo=corrupcion-administrativa
CFP 9255/2019,05/12/2023,CAMARA CRIMINAL Y CORRECCIONAL FEDERAL - SALA 2,scp/include/showFile.php?acc=showFAR&id=12271032&tipo=corrupcion-administrativa
CFP 9255/2019,19/10/2023,CAMARA CRIMINAL Y CORRECCIONAL FEDERAL - SALA 2,scp/include/showFile.php?acc=showFAR&id=12140674&tipo=corrupcion-administrativa
CFP 9255/2019,12/10/2023,CAMARA CRIMINAL Y CORRECCIONAL FEDERAL - SALA 2,scp/include/showFile.php?acc=showFAR&id=12122331&tipo=corrupcion-administrativa
CCC 8252/2019,29/05/2019,CAMARA CRIMINAL Y CORRECCIONAL FEDERAL - SECRETARIA ESPECIAL,scp/include/showFile.php?acc=showFAR&id=8171142&tipo=corrupcion-administrativa
CFP 7418/2019,29/10/2020,CAMARA CRIMINAL Y CORRECCIONAL FEDERAL - SALA 2,scp/include/showFile.php?acc=showFAR&id=9494096&tipo=corrupcion-administrativa
CFP 7418/2019,29/10/2020,CAMARA CRIMINAL Y CORRECCIONAL FEDERAL - SALA 2,scp/include/showFile.php?acc=showFAR&id=9494159&tipo=corrupcion-administrativa
CFP 7166/2019,03/12/2019,CAMARA CRIMINAL Y CORRECCIONAL FEDERAL - SALA 2,scp/include/showFile.php?acc=showFAR&id=8871028&tipo=corrupcion-administrativa
CFP 6933/2019,12/11/2019,CAMARA CRIMINAL Y CORRECCIONAL FEDERAL - SECRETARIA ESPECIAL,scp/include/showFile.php?acc=showFAR&id=8803639&tipo=corrupcion-administrativa
CFP 6931/2019,13/12/2019,CAMARA CRIMINAL Y CORRECCIONAL FEDERAL - SALA 1,scp/include/showFile.php?acc=showFAR&id=8913256&tipo=corrupcion-administrativa
CFP 6834/2019,12/02/2020,CAMARA CRIMINAL Y CORRECCIONAL FEDERAL - SALA 1,scp/include/showFile.php?acc=showFAR&id=9016617&tipo=corrupcion-administrativa
CFP 6692/2019,13/07/2023,CAMARA CRIMINAL Y CORRECCIONAL FEDERAL - SALA 2,scp/include/showFile.php?acc=showFAR&id=11872995&tipo=corrupcion-administrativa
CFP 6692/2019,17/10/2019,CAMARA CRIMINAL Y CORRECCIONAL FEDERAL - SECRETARIA ESPECIAL,scp/include/showFile.php?acc=showFAR&id=8704650&tipo=corrupcion-administrativa
CFP 6361/2019,06/03/2020,CAMARA CRIMINAL Y CORRECCIONAL FEDERAL - SALA 1,scp/include/showFile.php?acc=showFAR&id=9097416&tipo=corrupcion-administrativa
CFP 6361/2019,12/02/2020,CAMARA CRIMINAL Y CORRECCIONAL FEDERAL - SALA 1,scp/include/showFile.php?acc=showFAR&id=9016634&tipo=corrupcion-administrativa
CFP 6220/2019,17/12/2020,CAMARA CRIMINAL Y CORRECCIONAL FEDERAL - SALA 1,scp/include/showFile.php?acc=showFAR&id=9590203&tipo=corrupcion-administrativa
CFP 6220/2019,16/03/2020,CAMARA CRIMINAL Y CORRECCIONAL FEDERAL - SALA 1,scp/include/showFile.php?acc=showFAR&id=9129172&tipo=corrupcion-administrativa
CFP 6152/2019,09/05/2025,CAMARA CRIMINAL Y CORRECCIONAL FEDERAL - SALA 1,scp/include/showFile.php?acc=showFAR&id=13749572&tipo=corrupcion-administrativa
CFP 6152/2019,14/12/2023,CAMARA CRIMINAL Y CORRECCIONAL FEDERAL - SALA 1,scp/include/showFile.php?acc=showFAR&id=12300507&tipo=corrupcion-administrativa
CFP 5519/2019,09/03/2023,CAMARA CRIMINAL Y CORRECCIONAL FEDERAL - SALA 1,scp/include/showFile.php?acc=showFAR&id=11474964&tipo=corrupcion-administrativa
CFP 5251/2019,09/03/2022,CAMARA CRIMINAL Y CORRECCIONAL FEDERAL - SALA 1,scp/include/showFile.php?acc=showFAR&id=10486861&tipo=corrupcion-administrativa
CFP 5251/2019,18/11/2021,CAMARA CRIMINAL Y CORRECCIONAL FEDERAL - SALA 1,scp/include/showFile.php?acc=showFAR&id=10284647&tipo=corrupcion-administrativa
CFP 5215/2019,16/02/2023,CAMARA CRIMINAL Y CORRECCIONAL FEDERAL - SALA 2,scp/include/showFile.php?acc=showFAR&id=11412832&tipo=corrupcion-administrativa
CFP 5082/2019,21/04/2022,CAMARA CRIMINAL Y CORRECCIONAL FEDERAL - SALA 2,scp/include/showFile.php?acc=showFAR&id=10607260&tipo=corrupcion-administrativa
CFP 4976/2019,19/08/2022,CAMARA CRIMINAL Y CORRECCIONAL FEDERAL - SALA 1,scp/include/showFile.php?acc=showFAR&id=10953993&tipo=corrupcion-administrativa
CFP 4698/2019,31/03/2025,CAMARA CRIMINAL Y CORRECCIONAL FEDERAL - SALA 1,scp/include/showFile.php?acc=showFAR&id=13470846&tipo=corrupcion-administrativa
CFP 4698/2019,06/08/2020,CAMARA CRIMINAL Y CORRECCIONAL FEDERAL - SALA 1,scp/include/showFile.php?acc=showFAR&id=9299332&tipo=corrupcion-administrativa
CFP 4698/2019,24/07/2020,CAMARA CRIMINAL Y CORRECCIONAL FEDERAL - SALA 1,scp/include/showFile.php?acc=showFAR&id=9269046&tipo=corrupcion-administrativa
CFP 3467/2019,13/10/2022,CAMARA CRIMINAL Y CORRECCIONAL FEDERAL - SALA 2,scp/include/showFile.php?acc=showFAR&id=11121148&tipo=corrupcion-administrativa
CFP 3467/2019,16/06/2022,CAMARA CRIMINAL Y CORRECCIONAL FEDERAL - SALA 2,scp/include/showFile.php?acc=showFAR&id=10793093&tipo=corrupcion-administrativa
CFP 3467/2019,09/12/2021,CAMARA CRIMINAL Y CORRECCIONAL FEDERAL - SALA 2,scp/include/showFile.php?acc=showFAR&id=10329017&tipo=corrupcion-administrativa
CFP 3467/2019,16/03/2020,CAMARA CRIMINAL Y CORRECCIONAL FEDERAL - SALA 2,scp/include/showFile.php?acc=showFAR&id=9129133&tipo=corrupcion-administrativa
CFP 3378/2019,17/05/2019,CAMARA CRIMINAL Y CORRECCIONAL FEDERAL - SECRETARIA ESPECIAL,scp/include/showFile.php?acc=showFAR&id=8120982&tipo=corrupcion-administrativa
CFP 2956/2019,02/07/2020,CAMARA CRIMINAL Y CORRECCIONAL FEDERAL - SALA 2,scp/include/showFile.php?acc=showFAR&id=9222280&tipo=corrupcion-administrativa
CFP 2956/2019,07/11/2019,CAMARA CRIMINAL Y CORRECCIONAL FEDERAL - SALA 2,scp/include/showFile.php?acc=showFAR&id=8785434&tipo=corrupcion-administrativa
CFP 2956/2019,11/09/2019,CAMARA CRIMINAL Y CORRECCIONAL FEDERAL - SALA 2,scp/include/showFile.php?acc=showFAR&id=8556976&tipo=corrupcion-administrativa
CFP 2956/2019,12/06/2019,CAMARA CRIMINAL Y CORRECCIONAL FEDERAL - SALA 2,scp/include/showFile.php?acc=showFAR&id=8232533&tipo=corrupcion-administrativa
CFP 2272/2019,07/11/2024,CAMARA CRIMINAL Y CORRECCIONAL FEDERAL - SALA 1,scp/include/showFile.php?acc=showFAR&id=13158005&tipo=corrupcion-administrativa
CFP 2272/2019,21/03/2024,CAMARA CRIMINAL Y CORRECCIONAL FEDERAL - SALA 1,scp/include/showFile.php?acc=showFAR&id=12506553&tipo=corrupcion-administrativa
CFP 2272/2019,20/03/2024,CAMARA CRIMINAL Y CORRECCIONAL FEDERAL - SALA 1,scp/include/showFile.php?acc=showFAR&id=12629665&tipo=corrupcion-administrativa
CFP 1668/2019,08/08/2019,CAMARA CRIMINAL Y CORRECCIONAL FEDERAL - SALA 1,scp/include/showFile.php?acc=showFAR&id=8414862&tipo=corrupcion-administrativa
CFP 1663/2019,08/08/2019,CAMARA CRIMINAL Y CORRECCIONAL FEDERAL - SALA 1,scp/include/showFile.php?acc=showFAR&id=8414816&tipo=corrupcion-administrativa
CFP 1597/2019,17/07/2019,CAMARA CRIMINAL Y CORRECCIONAL FEDERAL - SALA 1,scp/include/showFile.php?acc=showFAR&id=8361459&tipo=corrupcion-administrativa
CFP 1597/2019,11/07/2019,CAMARA CRIMINAL Y CORRECCIONAL FEDERAL - SALA 1,scp/include/showFile.php?acc=showFAR&id=8339951&tipo=corrupcion-administrativa
CFP 1295/2019,23/04/2019,CAMARA CRIMINAL Y CORRECCIONAL FEDERAL - SALA 1,scp/include/showFile.php?acc=showFAR&id=7996629&tipo=corrupcion-administrativa
CFP 1096/2019,22/10/2019,CAMARA CRIMINAL Y CORRECCIONAL FEDERAL - SALA 1,scp/include/showFile.php?acc=showFAR&id=8717516&tipo=corrupcion-administrativa
CFP 1096/2019,16/05/2019,CAMARA CRIMINAL Y CORRECCIONAL FEDERAL - SALA 1,scp/include/showFile.php?acc=showFAR&id=8112584&tipo=corrupcion-administrativa
CFP 22609/2018,23/08/2022,TRIBUNAL ORAL EN LO CRIMINAL FEDERAL 1,scp/include/showFile.php?acc=showFAR&id=10963176&tipo=corrupcion-administrativa
CFP 22609/2018,04/05/2021,TRIBUNAL ORAL EN LO CRIMINAL FEDERAL 1,scp/include/showFile.php?acc=showFAR&id=9829411&tipo=corrupcion-administrativa
CFP 22609/2018,19/02/2021,CAMARA CRIMINAL Y CORRECCIONAL FEDERAL - SALA 1,scp/include/showFile.php?acc=showFAR&id=9661463&tipo=corrupcion-administrativa
CFP 22609/2018,18/02/2020,CAMARA CRIMINAL Y CORRECCIONAL FEDERAL - SALA 1,scp/include/showFile.php?acc=showFAR&id=9034540&tipo=corrupcion-administrativa
CFP 22287/2018,07/11/2019,CAMARA CRIMINAL Y CORRECCIONAL FEDERAL - SALA 1,scp/include/showFile.php?acc=showFAR&id=8783561&tipo=corrupcion-administrativa
CFP 22281/2018,12/04/2019,CAMARA CRIMINAL Y CORRECCIONAL FEDERAL - SALA 2,scp/include/showFile.php?acc=showFAR&id=7960733&tipo=corrupcion-administrativa
CFP 22182/2018,29/11/2021,CAMARA CRIMINAL Y CORRECCIONAL FEDERAL - SALA 1,scp/include/showFile.php?acc=showFAR&id=10303024&tipo=corrupcion-administrativa
CFP 22182/2018,17/06/2020,CAMARA CRIMINAL Y CORRECCIONAL FEDERAL - SALA 1,scp/include/showFile.php?acc=showFAR&id=9195980&tipo=corrupcion-administrativa
CFP 22026/2018,15/09/2020,CAMARA CRIMINAL Y CORRECCIONAL FEDERAL - SALA 1,scp/include/showFile.php?acc=showFAR&id=9391272&tipo=corrupcion-administrativa
CFP 21970/2018,27/09/2023,TRIBUNAL ORAL EN LO CRIMINAL FEDERAL 5,scp/include/showFile.php?acc=showFAR&id=12120070&tipo=corrupcion-administrativa
CFP 21970/2018,02/07/2020,CAMARA CRIMINAL Y CORRECCIONAL FEDERAL - SALA 2,scp/include/showFile.php?acc=showFAR&id=9222251&tipo=corrupcion-administrativa
CFP 21808/2018,13/02/2020,CAMARA CRIMINAL Y CORRECCIONAL FEDERAL - SALA 1,scp/include/showFile.php?acc=showFAR&id=9020996&tipo=corrupcion-administrativa
CFP 21808/2018,17/12/2019,CAMARA CRIMINAL Y CORRECCIONAL FEDERAL - SALA 1,scp/include/showFile.php?acc=showFAR&id=8924111&tipo=corrupcion-administrativa
CFP 21029/2018,23/11/2023,CAMARA CRIMINAL Y CORRECCIONAL FEDERAL - SALA 1,scp/include/showFile.php?acc=showFAR&id=12251207&tipo=corrupcion-administrativa
CFP 21029/2018,30/08/2022,TRIBUNAL ORAL EN LO CRIMINAL FEDERAL 2,scp/include/showFile.php?acc=showFAR&id=10990196&tipo=corrupcion-administrativa
CFP 21029/2018,12/07/2022,CAMARA CRIMINAL Y CORRECCIONAL FEDERAL - SALA 1,scp/include/showFile.php?acc=showFAR&id=10899591&tipo=corrupcion-administrativa
CFP 21029/2018,11/07/2022,TRIBUNAL ORAL EN LO CRIMINAL FEDERAL 5,scp/include/showFile.php?acc=showFAR&id=10864181&tipo=corrupcion-administrativa
CFP 21029/2018,17/05/2022,CAMARA CRIMINAL Y CORRECCIONAL FEDERAL - SALA 1,scp/include/showFile.php?acc=showFAR&id=10696278&tipo=corrupcion-administrativa
CFP 21029/2018,21/04/2022,CAMARA CRIMINAL Y CORRECCIONAL FEDERAL - SALA 1,scp/include/showFile.php?acc=showFAR&id=10612537&tipo=corrupcion-administrativa
CFP 21029/2018,19/10/2021,CAMARA CRIMINAL Y CORRECCIONAL FEDERAL - SALA 1,scp/include/showFile.php?acc=showFAR&id=10203513&tipo=corrupcion-administrativa
CFP 21029/2018,17/09/2021,CAMARA CRIMINAL Y CORRECCIONAL FEDERAL - SALA 1,scp/include/showFile.php?acc=showFAR&id=10129607&tipo=corrupcion-administrativa
CFP 21029/2018,17/09/2021,CAMARA CRIMINAL Y CORRECCIONAL FEDERAL - SALA 1,scp/include/showFile.php?acc=showFAR&id=10129626&tipo=corrupcion-administrativa
CFP 21029/2018,14/05/2021,CAMARA CRIMINAL Y CORRECCIONAL FEDERAL - SALA 1,scp/include/showFile.php?acc=showFAR&id=9856444&tipo=corrupcion-administrativa
CFP 21029/2018,30/03/2021,CAMARA CRIMINAL Y CORRECCIONAL FEDERAL - SALA 1,scp/include/showFile.php?acc=showFAR&id=9747786&tipo=corrupcion-administrativa
CFP 21029/2018,22/02/2021,CAMARA CRIMINAL Y CORRECCIONAL FEDERAL - SALA 1,scp/include/showFile.php?acc=showFAR&id=9664093&tipo=corrupcion-administrativa
CFP 21029/2018,10/11/2020,CAMARA CRIMINAL Y CORRECCIONAL FEDERAL - SALA 1,scp/include/showFile.php?acc=showFAR&id=9517632&tipo=corrupcion-administrativa
CFP 21029/2018,02/10/2020,CAMARA CRIMINAL Y CORRECCIONAL FEDERAL - SALA 1,scp/include/showFile.php?acc=showFAR&id=9434306&tipo=corrupcion-administrativa
CFP 21029/2018,08/09/2020,CAMARA CRIMINAL Y CORRECCIONAL FEDERAL - SALA 1,scp/include/showFile.php?acc=showFAR&id=9376210&tipo=corrupcion-administrativa
CFP 21029/2018,08/09/2020,CAMARA CRIMINAL Y CORRECCIONAL FEDERAL - SALA 1,scp/include/showFile.php?acc=showFAR&id=9376261&tipo=corrupcion-administrativa
CFP 21029/2018,05/08/2020,CAMARA CRIMINAL Y CORRECCIONAL FEDERAL - SALA 1,scp/include/showFile.php?acc=showFAR&id=9296480&tipo=corrupcion-administrativa
CFP 21029/2018,31/07/2020,CAMARA CRIMINAL Y CORRECCIONAL FEDERAL - SALA 1,scp/include/showFile.php?acc=showFAR&id=9287711&tipo=corrupcion-administrativa
CFP 21029/2018,20/07/2020,CAMARA CRIMINAL Y CORRECCIONAL FEDERAL - SALA 1,scp/include/showFile.php?acc=showFAR&id=9254136&tipo=corrupcion-administrativa
CFP 21029/2018,02/06/2020,CAMARA CRIMINAL Y CORRECCIONAL FEDERAL - SALA 1,scp/include/showFile.php?acc=showFAR&id=9173984&tipo=corrupcion-administrativa
CFP 21029/2018,02/06/2020,CAMARA CRIMINAL Y CORRECCIONAL FEDERAL - SALA 1,scp/include/showFile.php?acc=showFAR&id=9174064&tipo=corrupcion-administrativa
CFP 21029/2018,22/05/2020,CAMARA CRIMINAL Y CORRECCIONAL FEDERAL - SALA 1,scp/include/showFile.php?acc=showFAR&id=9161037&tipo=corrupcion-administrativa
CFP 21029/2018,22/05/2020,CAMARA CRIMINAL Y CORRECCIONAL FEDERAL - SALA 1,scp/include/showFile.php?acc=showFAR&id=9160980&tipo=corrupcion-administrativa
CFP 21029/2018,06/03/2020,CAMARA CRIMINAL Y CORRECCIONAL FEDERAL - SALA 1,scp/include/showFile.php?acc=showFAR&id=9097105&tipo=corrupcion-administrativa
CFP 21029/2018,18/02/2020,CAMARA CRIMINAL Y CORRECCIONAL FEDERAL - SALA 1,scp/include/showFile.php?acc=showFAR&id=9034495&tipo=corrupcion-administrativa
CFP 21029/2018,18/02/2020,CAMARA CRIMINAL Y CORRECCIONAL FEDERAL - SALA 1,scp/include/showFile.php?acc=showFAR&id=9034485&tipo=corrupcion-administrativa
CFP 21029/2018,12/02/2020,CAMARA CRIMINAL Y CORRECCIONAL FEDERAL - SALA 1,scp/include/showFile.php?acc=showFAR&id=9018550&tipo=corrupcion-administrativa
CFP 21029/2018,13/01/2020,CAMARA CRIMINAL Y CORRECCIONAL FEDERAL - SALA 1,scp/include/showFile.php?acc=showFAR&id=8976403&tipo=corrupcion-administrativa
CFP 21029/2018,17/12/2019,CAMARA CRIMINAL Y CORRECCIONAL FEDERAL - SALA 1,scp/include/showFile.php?acc=showFAR&id=8924247&tipo=corrupcion-administrativa
CFP 21029/2018,09/12/2019,CAMARA CRIMINAL Y CORRECCIONAL FEDERAL - SALA 1,scp/include/showFile.php?acc=showFAR&id=8892004&tipo=corrupcion-administrativa
CFP 21029/2018,25/11/2019,CAMARA CRIMINAL Y CORRECCIONAL FEDERAL - SALA 1,scp/include/showFile.php?acc=showFAR&id=8837612&tipo=corrupcion-administrativa
CFP 21029/2018,25/11/2019,CAMARA CRIMINAL Y CORRECCIONAL FEDERAL - SALA 1,scp/include/showFile.php?acc=showFAR&id=8840645&tipo=corrupcion-administrativa
CFP 21029/2018,05/02/2019,CAMARA CRIMINAL Y CORRECCIONAL FEDERAL - SALA 1,scp/include/showFile.php?acc=showFAR&id=7681060&tipo=corrupcion-administrativa
CFP 20333/2018,23/04/2019,CAMARA CRIMINAL Y CORRECCIONAL FEDERAL - SALA 1,scp/include/showFile.php?acc=showFAR&id=7996901&tipo=corrupcion-administrativa
CFP 20332/2018,19/07/2019,CAMARA CRIMINAL Y CORRECCIONAL FEDERAL - SALA 1,scp/include/showFile.php?acc=showFAR&id=8372595&tipo=corrupcion-administrativa
CFP 19471/2018,10/10/2019,CAMARA CRIMINAL Y CORRECCIONAL FEDERAL - SALA 2,scp/include/showFile.php?acc=showFAR&id=8681504&tipo=corrupcion-administrativa
CFP 18986/2018,19/07/2019,CAMARA CRIMINAL Y CORRECCIONAL FEDERAL - SALA 1,scp/include/showFile.php?acc=showFAR&id=8372489&tipo=corrupcion-administrativa
CFP 18986/2018,19/07/2019,CAMARA CRIMINAL Y CORRECCIONAL FEDERAL - SALA 1,scp/include/showFile.php?acc=showFAR&id=8372490&tipo=corrupcion-administrativa
CFP 18759/2018,17/03/2023,CAMARA CRIMINAL Y CORRECCIONAL FEDERAL - SALA 1,scp/include/showFile.php?acc=showFAR&id=11502377&tipo=corrupcion-administrativa
CFP 18590/2018,04/11/2025,TRIBUNAL ORAL EN LO CRIMINAL FEDERAL 7,scp/include/showFile.php?acc=showFAR&id=14151070&tipo=corrupcion-administrativa
CFP 18590/2018,21/02/2020,CAMARA CRIMINAL Y CORRECCIONAL FEDERAL - SALA 1,scp/include/showFile.php?acc=showFAR&id=9049915&tipo=corrupcion-administrativa
CFP 18590/2018,18/02/2020,CAMARA CRIMINAL Y CORRECCIONAL FEDERAL - SALA 1,scp/include/showFile.php?acc=showFAR&id=9034924&tipo=corrupcion-administrativa
CFP 18590/2018,23/12/2019,CAMARA CRIMINAL Y CORRECCIONAL FEDERAL - SALA 1,scp/include/showFile.php?acc=showFAR&id=8947768&tipo=corrupcion-administrativa
CFP 18590/2018,21/11/2019,CAMARA CRIMINAL Y CORRECCIONAL FEDERAL - SALA 1,scp/include/showFile.php?acc=showFAR&id=8840717&tipo=corrupcion-administrativa
CFP 18590/2018,21/11/2019,CAMARA CRIMINAL Y CORRECCIONAL FEDERAL - SALA 1,scp/include/showFile.php?acc=showFAR&id=8840718&tipo=corrupcion-administrativa
CFP 18590/2018,19/11/2019,CAMARA CRIMINAL Y CORRECCIONAL FEDERAL - SALA 1,scp/include/showFile.php?acc=showFAR&id=8818951&tipo=corrupcion-administrativa
CFP 18590/2018,08/11/2019,CAMARA CRIMINAL Y CORRECCIONAL FEDERAL - SALA 1,scp/include/showFile.php?acc=showFAR&id=8790545&tipo=corrupcion-administrativa
CFP 18590/2018,29/10/2019,CAMARA CRIMINAL Y CORRECCIONAL FEDERAL - SALA 1,scp/include/showFile.php?acc=showFAR&id=8747229&tipo=corrupcion-administrativa
CFP 18590/2018,30/09/2019,CAMARA CRIMINAL Y CORRECCIONAL FEDERAL - SALA 1,scp/include/showFile.php?acc=showFAR&id=8638128&tipo=corrupcion-administrativa
CFP 18590/2018,30/09/2019,CAMARA CRIMINAL Y CORRECCIONAL FEDERAL - SALA 1,scp/include/showFile.php?acc=showFAR&id=8638365&tipo=corrupcion-administrativa
CFP 18590/2018,07/02/2019,CAMARA CRIMINAL Y CORRECCIONAL FEDERAL - SALA 1,scp/include/showFile.php?acc=showFAR&id=7689666&tipo=corrupcion-administrativa
CFP 18559/2018,23/04/2019,CAMARA CRIMINAL Y CORRECCIONAL FEDERAL - SALA 1,scp/include/showFile.php?acc=showFAR&id=7996799&tipo=corrupcion-administrativa
CFP 18362/2018,14/06/2024,TRIBUNAL ORAL EN LO CRIMINAL FEDERAL 6,scp/include/showFile.php?acc=showFAR&id=12740008&tipo=corrupcion-administrativa
CFP 18362/2018,06/03/2020,CAMARA CRIMINAL Y CORRECCIONAL FEDERAL - SALA 2,scp/include/showFile.php?acc=showFAR&id=9098397&tipo=corrupcion-administrativa
CFP 17793/2018,23/09/2019,CAMARA CRIMINAL Y CORRECCIONAL FEDERAL - SALA 1,scp/include/showFile.php?acc=showFAR&id=8606846&tipo=corrupcion-administrativa
CFP 16498/2018,30/04/2020,CAMARA CRIMINAL Y CORRECCIONAL FEDERAL - SALA 2,scp/include/showFile.php?acc=showFAR&id=9143143&tipo=corrupcion-administrativa
CFP 16498/2018,28/06/2019,CAMARA CRIMINAL Y CORRECCIONAL FEDERAL - SALA 2,scp/include/showFile.php?acc=showFAR&id=8300323&tipo=corrupcion-administrativa
CFP 15635/2018,28/02/2019,CAMARA CRIMINAL Y CORRECCIONAL FEDERAL - SALA 1,scp/include/showFile.php?acc=showFAR&id=7778414&tipo=corrupcion-administrativa
CFP 15635/2018,26/12/2018,CAMARA CRIMINAL Y CORRECCIONAL FEDERAL - SALA 1,scp/include/showFile.php?acc=showFAR&id=7640015&tipo=corrupcion-administrativa
CFP 15498/2018,24/01/2019,CAMARA CRIMINAL Y CORRECCIONAL FEDERAL - SALA 2,scp/include/showFile.php?acc=showFAR&id=7658900&tipo=corrupcion-administrativa
CFP 15498/2018,10/01/2019,CAMARA CRIMINAL Y CORRECCIONAL FEDERAL - SALA 2,scp/include/showFile.php?acc=showFAR&id=7656667&tipo=corrupcion-administrativa
CFP 15498/2018,04/01/2019,CAMARA CRIMINAL Y CORRECCIONAL FEDERAL - SALA 2,scp/include/showFile.php?acc=showFAR&id=7655069&tipo=corrupcion-administrativa
CFP 14798/2018,05/07/2019,CAMARA CRIMINAL Y CORRECCIONAL FEDERAL - SALA 1,scp/include/showFile.php?acc=showFAR&id=8328307&tipo=corrupcion-administrativa
CFP 14623/2018,06/05/2019,CAMARA CRIMINAL Y CORRECCIONAL FEDERAL - SALA 2,scp/include/showFile.php?acc=showFAR&id=8056903&tipo=corrupcion-administrativa
CFP 14411/2018,29/08/2019,CAMARA CRIMINAL Y CORRECCIONAL FEDERAL - SALA 1,scp/include/showFile.php?acc=showFAR&id=8508170&tipo=corrupcion-administrativa
CFP 14065/2018,03/04/2019,CAMARA CRIMINAL Y CORRECCIONAL FEDERAL - SALA 1,scp/include/showFile.php?acc=showFAR&id=7908442&tipo=corrupcion-administrativa
CFP 14065/2018,13/03/2019,CAMARA CRIMINAL Y CORRECCIONAL FEDERAL - SALA 1,scp/include/showFile.php?acc=showFAR&id=7818884&tipo=corrupcion-administrativa
CFP 14065/2018,27/02/2019,CAMARA CRIMINAL Y CORRECCIONAL FEDERAL - SALA 1,scp/include/showFile.php?acc=showFAR&id=7770960&tipo=corrupcion-administrativa
CFP 14065/2018,20/02/2019,CAMARA CRIMINAL Y CORRECCIONAL FEDERAL - SALA 1,scp/include/showFile.php?acc=showFAR&id=7736914&tipo=corrupcion-administrativa
CFP 13820/2018,07/06/2023,TRIBUNAL ORAL EN LO CRIMINAL FEDERAL 7,scp/include/showFile.php?acc=showFAR&id=11764301&tipo=corrupcion-administrativa
CFP 13820/2018,15/03/2023,TRIBUNAL ORAL EN LO CRIMINAL FEDERAL 7,scp/include/showFile.php?acc=showFAR&id=11500131&tipo=corrupcion-administrativa
CFP 13820/2018,18/03/2021,TRIBUNAL ORAL EN LO CRIMINAL FEDERAL 7,scp/include/showFile.php?acc=showFAR&id=9724814&tipo=corrupcion-administrativa
CFP 13820/2018,18/03/2021,TRIBUNAL ORAL EN LO CRIMINAL FEDERAL 7,scp/include/showFile.php?acc=showFAR&id=9724812&tipo=corrupcion-administrativa
CFP 13820/2018,23/08/2019,CAMARA CRIMINAL Y CORRECCIONAL FEDERAL - SALA 1,scp/include/showFile.php?acc=showFAR&id=8498967&tipo=corrupcion-administrativa
CFP 13820/2018,02/07/2019,CAMARA CRIMINAL Y CORRECCIONAL FEDERAL - SALA 1,scp/include/showFile.php?acc=showFAR&id=8313126&tipo=corrupcion-administrativa
CFP 13820/2018,23/04/2019,CAMARA CRIMINAL Y CORRECCIONAL FEDERAL - SALA 1,scp/include/showFile.php?acc=showFAR&id=7995342&tipo=corrupcion-administrativa
CFP 13820/2018,13/03/2019,CAMARA CRIMINAL Y CORRECCIONAL FEDERAL - SALA 1,scp/include/showFile.php?acc=showFAR&id=7831775&tipo=corrupcion-administrativa
CFP 13820/2018,14/02/2019,CAMARA CRIMINAL Y CORRECCIONAL FEDERAL - SALA 1,scp/include/showFile.php?acc=showFAR&id=7713384&tipo=corrupcion-administrativa
CFP 13820/2018,26/12/2018,CAMARA CRIMINAL Y CORRECCIONAL FEDERAL - SALA 1,scp/include/showFile.php?acc=showFAR&id=7639537&tipo=corrupcion-administrativa
CFP 13777/2018,12/10/2018,CAMARA CRIMINAL Y CORRECCIONAL FEDERAL - SALA 1,scp/include/showFile.php?acc=showFAR&id=7312482&tipo=corrupcion-administrativa
CFP 13706/2018,04/11/2021,CAMARA CRIMINAL Y CORRECCIONAL FEDERAL - SALA 1,scp/include/showFile.php?acc=showFAR&id=10249373&tipo=corrupcion-administrativa
CFP 13686/2018,09/11/2018,CAMARA CRIMINAL Y CORRECCIONAL FEDERAL - SECRETARIA ESPECIAL,scp/include/showFile.php?acc=showFAR&id=7454769&tipo=corrupcion-administrativa
CFP 13082/2018,04/10/2018,CAMARA CRIMINAL Y CORRECCIONAL FEDERAL - SALA 1,scp/include/showFile.php?acc=showFAR&id=7276884&tipo=corrupcion-administrativa
CFP 12972/2018,20/11/2018,CAMARA CRIMINAL Y CORRECCIONAL FEDERAL - SALA 1,scp/include/showFile.php?acc=showFAR&id=7487166&tipo=corrupcion-administrativa
CFP 12972/2018,30/10/2018,CAMARA CRIMINAL Y CORRECCIONAL FEDERAL - SALA 1,scp/include/showFile.php?acc=showFAR&id=7403240&tipo=corrupcion-administrativa
CFP 12972/2018,30/10/2018,CAMARA CRIMINAL Y CORRECCIONAL FEDERAL - SALA 1,scp/include/showFile.php?acc=showFAR&id=7402619&tipo=corrupcion-administrativa
CFP 12761/2018,03/10/2018,CAMARA CRIMINAL Y CORRECCIONAL FEDERAL - SECRETARIA ESPECIAL,scp/include/showFile.php?acc=showFAR&id=7271273&tipo=corrupcion-administrativa
CCC 12321/2018,08/04/2019,CAMARA CRIMINAL Y CORRECCIONAL FEDERAL - SALA 2,scp/include/showFile.php?acc=showFAR&id=7930374&tipo=corrupcion-administrativa
CCC 12321/2018,15/03/2019,CAMARA CRIMINAL Y CORRECCIONAL FEDERAL - SALA 2,scp/include/showFile.php?acc=showFAR&id=7833115&tipo=corrupcion-administrativa
CCC 11796/2018,31/03/2021,CAMARA CRIMINAL Y CORRECCIONAL FEDERAL - SALA 2,scp/include/showFile.php?acc=showFAR&id=9752686&tipo=corrupcion-administrativa
CFP 11440/2018,29/08/2025,TRIBUNAL ORAL EN LO CRIMINAL FEDERAL 3,scp/include/showFile.php?acc=showFAR&id=13914233&tipo=corrupcion-administrativa
CFP 11440/2018,09/09/2021,CAMARA CRIMINAL Y CORRECCIONAL FEDERAL - SALA 2,scp/include/showFile.php?acc=showFAR&id=10108559&tipo=corrupcion-administrativa
CFP 11345/2018,04/10/2021,CAMARA CRIMINAL Y CORRECCIONAL FEDERAL - SECRETARIA ESPECIAL,scp/include/showFile.php?acc=showFAR&id=10172123&tipo=corrupcion-administrativa
CFP 11345/2018,18/02/2019,CAMARA CRIMINAL Y CORRECCIONAL FEDERAL - SECRETARIA ESPECIAL,scp/include/showFile.php?acc=showFAR&id=7727121&tipo=corrupcion-administrativa
CFP 11343/2018,12/02/2020,TRIBUNAL ORAL EN LO CRIMINAL FEDERAL 3,scp/include/showFile.php?acc=showFAR&id=9014969&tipo=corrupcion-administrativa
CFP 11343/2018,04/12/2019,TRIBUNAL ORAL EN LO CRIMINAL FEDERAL 3,scp/include/showFile.php?acc=showFAR&id=8988348&tipo=corrupcion-administrativa
CFP 11343/2018,15/07/2019,TRIBUNAL ORAL EN LO CRIMINAL FEDERAL 3,scp/include/showFile.php?acc=showFAR&id=8428796&tipo=corrupcion-administrativa
CFP 11343/2018,20/02/2019,CAMARA CRIMINAL Y CORRECCIONAL FEDERAL - SALA 1,scp/include/showFile.php?acc=showFAR&id=7737247&tipo=corrupcion-administrativa
CFP 11343/2018,11/01/2019,CAMARA CRIMINAL Y CORRECCIONAL FEDERAL - SALA 1,scp/include/showFile.php?acc=showFAR&id=7656831&tipo=corrupcion-administrativa
CFP 11343/2018,26/10/2018,CAMARA CRIMINAL Y CORRECCIONAL FEDERAL - SALA 1,scp/include/showFile.php?acc=showFAR&id=7389218&tipo=corrupcion-administrativa
CFP 11343/2018,16/08/2018,CAMARA CRIMINAL Y CORRECCIONAL FEDERAL - SALA 1,scp/include/showFile.php?acc=showFAR&id=7031194&tipo=corrupcion-administrativa
CFP 11240/2018,24/09/2019,CAMARA CRIMINAL Y CORRECCIONAL FEDERAL - SALA 1,scp/include/showFile.php?acc=showFAR&id=8613467&tipo=corrupcion-administrativa
CFP 11119/2018,18/08/2022,CAMARA CRIMINAL Y CORRECCIONAL FEDERAL - SALA 2,scp/include/showFile.php?acc=showFAR&id=10948905&tipo=corrupcion-administrativa
CFP 11026/2018,05/10/2023,CAMARA CRIMINAL Y CORRECCIONAL FEDERAL - SALA 2,scp/include/showFile.php?acc=showFAR&id=12101321&tipo=corrupcion-administrativa
CFP 11026/2018,09/03/2023,CAMARA CRIMINAL Y CORRECCIONAL FEDERAL - SALA 2,scp/include/showFile.php?acc=showFAR&id=11474082&tipo=corrupcion-administrativa
CFP 11026/2018,17/06/2021,CAMARA CRIMINAL Y CORRECCIONAL FEDERAL - SALA 2,scp/include/showFile.php?acc=showFAR&id=9930875&tipo=corrupcion-administrativa
CFP 10854/2018,09/05/2024,CAMARA CRIMINAL Y CORRECCIONAL FEDERAL - SALA 2,scp/include/showFile.php?acc=showFAR&id=12625128&tipo=corrupcion-administrativa
CFP 10854/2018,18/04/2024,CAMARA CRIMINAL Y CORRECCIONAL FEDERAL - SALA 2,scp/include/showFile.php?acc=showFAR&id=12563996&tipo=corrupcion-administrativa
CFP 10854/2018,21/03/2024,CAMARA CRIMINAL Y CORRECCIONAL FEDERAL - SALA 2,scp/include/showFile.php?acc=showFAR&id=12497011&tipo=corrupcion-administrativa
CFP 10854/2018,07/03/2024,CAMARA CRIMINAL Y CORRECCIONAL FEDERAL - SALA 2,scp/include/showFile.php?acc=showFAR&id=12451556&tipo=corrupcion-administrativa
CFP 10854/2018,08/02/2024,CAMARA CRIMINAL Y CORRECCIONAL FEDERAL - SALA 2,scp/include/showFile.php?acc=showFAR&id=12374276&tipo=corrupcion-administrativa
CFP 10730/2018,13/08/2020,CAMARA CRIMINAL Y CORRECCIONAL FEDERAL - SALA 2,scp/include/showFile.php?acc=showFAR&id=9316614&tipo=corrupcion-administrativa
